ID, Money, Age, Children, FirstName, FamilyName, PIN, Residence, Ready, License, Indisposed
9223372036854775807,9223372036854775807,9223372036854775807,9223372036854775807,AAAAAAAAAA,BBBBBBBBBB,123456789/1234,DDDDDDDDDD,True,False,False
9223372036854775807,9223372036854775807,9223372036854775807,9223372036854775807,AAAAAAAAAA,BBBBBBBBBB,123456789/1234,DDDDDDDDDD,True,False,False
9223372036854775807,9223372036854775807,9223372036854775807,9223372036854775807,AAAAAAAAAA,BBBBBBBBBB,123456789/1234,DDDDDDDDDD,True,False,False
9223372036854775807,9223372036854775807,9223372036854775807,9223372036854775807,AAAAAAAAAA,BBBBBBBBBB,123456789/1234,DDDDDDDDDD,True,False,False
9223372036854775807,9223372036854775807,9223372036854775807,9223372036854775807,AAAAAAAAAA,BBBBBBBBBB,123456789/1234,DDDDDDDDDD,True,False,False
9223372036854775807,9223372036854775807,9223372036854775807,9223372036854775807,AAAAAAAAAA,BBBBBBBBBB,123456789/1234,DDDDDDDDDD,True,False,False
9223372036854775807,9223372036854775807,9223372036854775807,9223372036854775807,AAAAAAAAAA,BBBBBBBBBB,123456789/1234,DDDDDDDDDD,True,False,False
9223372036854775807,9223372036854775807,9223372036854775807,9223372036854775807,AAAAAAAAAA,BBBBBBBBBB,123456789/1234,DDDDDDDDDD,True,False,False
9223372036854775807,9223372036854775807,9223372036854775807,9223372036854775807,AAAAAAAAAA,BBBBBBBBBB,123456789/1234,DDDDDDDDDD,True,False,False
9223372036854775807,9223372036854775807,9223372036854775807,9223372036854775807,AAAAAAAAAA,BBBBBBBBBB,123456789/1234,DDDDDDDDDD,True,False,False
9223372036854775807,9223372036854775807,9223372036854775807,9223372036854775807,AAAAAAAAAA,BBBBBBBBBB,123456789/1234,DDDDDDDDDD,True,False,False
9223372036854775807,9223372036854775807,9223372036854775807,9223372036854775807,AAAAAAAAAA,BBBBBBBBBB,123456789/1234,DDDDDDDDDD,True,False,False
9223372036854775807,9223372036854775807,9223372036854775807,9223372036854775807,AAAAAAAAAA,BBBBBBBBBB,123456789/1234,DDDDDDDDDD,True,False,False
9223372036854775807,9223372036854775807,9223372036854775807,9223372036854775807,AAAAAAAAAA,BBBBBBBBBB,123456789/1234,DDDDDDDDDD,True,False,False
9223372036854775807,9223372036854775807,9223372036854775807,9223372036854775807,AAAAAAAAAA,BBBBBBBBBB,123456789/1234,DDDDDDDDDD,True,False,False
9223372036854775807,9223372036854775807,9223372036854775807,9223372036854775807,AAAAAAAAAA,BBBBBBBBBB,123456789/1234,DDDDDDDDDD,True,False,False
9223372036854775807,9223372036854775807,9223372036854775807,9223372036854775807,AAAAAAAAAA,BBBBBBBBBB,123456789/1234,DDDDDDDDDD,True,False,False
9223372036854775807,9223372036854775807,9223372036854775807,9223372036854775807,AAAAAAAAAA,BBBBBBBBBB,123456789/1234,DDDDDDDDDD,True,False,False
9223372036854775807,9223372036854775807,9223372036854775807,9223372036854775807,AAAAAAAAAA,BBBBBBBBBB,123456789/1234,DDDDDDDDDD,True,False,False
9223372036854775807,9223372036854775807,9223372036854775807,9223372036854775807,AAAAAAAAAA,BBBBBBBBBB,123456789/1234,DDDDDDDDDD,True,False,False
